"Group","Year","Value","Scale","Stdev"
"pollock_adu",1971,1743763,1.87581363416382e-06,174376.3
"pcod_adu",1971,43054,1.87581363416382e-06,4305.4
"arrowtooth_adu",1971,18792,1.87581363416382e-06,1879.2
"gr_turbot_adu",1971,40464,1.87581363416382e-06,4046.4
"yf_sole",1971,160399,1.87581363416382e-06,16039.9
"sablefish",1971,15106,1.87581363416382e-06,1510.6
"bairdi",1971,20720,1.87581363416382e-06,2072
"king_crabs",1971,8654.5,1.87581363416382e-06,865.45
"pollock_adu",1972,1874534,1.87581363416382e-06,187453.4
"pcod_adu",1972,42905,1.87581363416382e-06,4290.5
"arrowtooth_adu",1972,13123,1.87581363416382e-06,1312.3
"gr_turbot_adu",1972,64510,1.87581363416382e-06,6451
"yf_sole",1972,47856,1.87581363416382e-06,4785.6
"sablefish",1972,12758,1.87581363416382e-06,1275.8
"bairdi",1972,16900,1.87581363416382e-06,1690
"king_crabs",1972,12004.3,1.87581363416382e-06,1200.43
"pollock_adu",1973,1758919,1.87581363416382e-06,175891.9
"pcod_adu",1973,53386,1.87581363416382e-06,5338.6
"arrowtooth_adu",1973,9217,1.87581363416382e-06,921.7
"gr_turbot_adu",1973,55280,1.87581363416382e-06,5528
"yf_sole",1973,78240,1.87581363416382e-06,7824
"sablefish",1973,5957,1.87581363416382e-06,595.7
"bairdi",1973,27218,1.87581363416382e-06,2721.8
"king_crabs",1973,12890.2,1.87581363416382e-06,1289.02
"pollock_adu",1974,1588390,1.87581363416382e-06,158839
"pcod_adu",1974,62462,1.87581363416382e-06,6246.2
"arrowtooth_adu",1974,21473,1.87581363416382e-06,2147.3
"gr_turbot_adu",1974,69654,1.87581363416382e-06,6965.4
"yf_sole",1974,42235,1.87581363416382e-06,4223.5
"sablefish",1974,4258,1.87581363416382e-06,425.8
"bairdi",1974,34919,1.87581363416382e-06,3491.9
"king_crabs",1974,22611.6,1.87581363416382e-06,2261.16
"pollock_adu",1975,1356736,1.87581363416382e-06,135673.6
"pcod_adu",1975,51551,1.87581363416382e-06,5155.1
"arrowtooth_adu",1975,20832,1.87581363416382e-06,2083.2
"gr_turbot_adu",1975,64819,1.87581363416382e-06,6481.9
"yf_sole",1975,64690,1.87581363416382e-06,6469
"sablefish",1975,2766,1.87581363416382e-06,276.6
"bairdi",1975,25186,1.87581363416382e-06,2518.6
"king_crabs",1975,24385.2,1.87581363416382e-06,2438.52
"pollock_adu",1976,1177822,1.87581363416382e-06,117782.2
"pcod_adu",1976,50481,1.87581363416382e-06,5048.1
"arrowtooth_adu",1976,17806,1.87581363416382e-06,1780.6
"gr_turbot_adu",1976,60523,1.87581363416382e-06,6052.3
"yf_sole",1976,56221,1.87581363416382e-06,5622.1
"sablefish",1976,2923,1.87581363416382e-06,292.3
"bairdi",1976,33779,1.87581363416382e-06,3377.9
"king_crabs",1976,32675.4,1.87581363416382e-06,3267.54
"pollock_adu",1977,978370,1.87581363416382e-06,97837
"pcod_adu",1977,33335,1.87581363416382e-06,3333.5
"arrowtooth_adu",1977,9454,1.87581363416382e-06,945.4
"gr_turbot_adu",1977,27708,1.87581363416382e-06,2770.8
"yf_sole",1977,58373,1.87581363416382e-06,5837.3
"fh_sole",1977,7909,1.87581363416382e-06,790.9
"nr_sole",1977,5319,1.87581363416382e-06,531.9
"ak_plaice",1977,2589,1.87581363416382e-06,258.9
"sablefish",1977,2718,1.87581363416382e-06,271.8
"pac_ocean_perch",1977,2406,1.87581363416382e-06,240.6
"oth_rockfish",1977,52,1.87581363416382e-06,5.2
"north_rockfish",1977,5,1.87581363416382e-06,0.5
"rougheye_rock",1977,2,1.87581363416382e-06,0.2
"squids",1977,4926,1.87581363416382e-06,492.6
"bairdi",1977,37751,1.87581363416382e-06,3775.1
"king_crabs",1977,35915.8,1.87581363416382e-06,3591.58
"pollock_adu",1978,979431,1.87581363416382e-06,97943.1
"pcod_adu",1978,42543,1.87581363416382e-06,4254.3
"herring",1978,7032.496104,1.87581363416382e-06,703.2496104
"arrowtooth_adu",1978,8358,1.87581363416382e-06,835.8
"gr_turbot_adu",1978,37423,1.87581363416382e-06,3742.3
"yf_sole",1978,138433,1.87581363416382e-06,13843.3
"fh_sole",1978,6892,1.87581363416382e-06,689.2
"nr_sole",1978,7038,1.87581363416382e-06,703.8
"ak_plaice",1978,10420,1.87581363416382e-06,1042
"sablefish",1978,1192,1.87581363416382e-06,119.2
"pac_ocean_perch",1978,2230,1.87581363416382e-06,223
"oth_rockfish",1978,304,1.87581363416382e-06,30.4
"north_rockfish",1978,32,1.87581363416382e-06,3.2
"shortraker_rock",1978,1069,1.87581363416382e-06,106.9
"rougheye_rock",1978,99,1.87581363416382e-06,9.9
"atka",1978,831,1.87581363416382e-06,83.1
"squids",1978,6886,1.87581363416382e-06,688.6
"bairdi",1978,22585,1.87581363416382e-06,2258.5
"king_crabs",1978,44864.64111,1.87581363416382e-06,4486.464111
"pollock_adu",1979,913881,1.87581363416382e-06,91388.1
"pcod_adu",1979,33761,1.87581363416382e-06,3376.1
"herring",1979,10093.33742,1.87581363416382e-06,1009.333742
"arrowtooth_adu",1979,7921,1.87581363416382e-06,792.1
"gr_turbot_adu",1979,34998,1.87581363416382e-06,3499.8
"yf_sole",1979,99017,1.87581363416382e-06,9901.7
"fh_sole",1979,4351,1.87581363416382e-06,435.1
"nr_sole",1979,5874,1.87581363416382e-06,587.4
"ak_plaice",1979,13672,1.87581363416382e-06,1367.2
"sablefish",1979,1376,1.87581363416382e-06,137.6
"pac_ocean_perch",1979,1722,1.87581363416382e-06,172.2
"oth_rockfish",1979,281,1.87581363416382e-06,28.1
"north_rockfish",1979,46,1.87581363416382e-06,4.6
"shortraker_rock",1979,279,1.87581363416382e-06,27.9
"rougheye_rock",1979,477,1.87581363416382e-06,47.7
"atka",1979,1985,1.87581363416382e-06,198.5
"squids",1979,4286,1.87581363416382e-06,428.6
"bairdi",1979,21718,1.87581363416382e-06,2171.8
"king_crabs",1979,53056.52589,1.87581363416382e-06,5305.652589
"pollock_adu",1980,958279,1.87581363416382e-06,95827.9
"pcod_adu",1980,45861,1.87581363416382e-06,4586.1
"herring",1980,23279.26761,1.87581363416382e-06,2327.926761
"arrowtooth_adu",1980,13761,1.87581363416382e-06,1376.1
"gr_turbot_adu",1980,48856,1.87581363416382e-06,4885.6
"yf_sole",1980,87391,1.87581363416382e-06,8739.1
"fh_sole",1980,4897,1.87581363416382e-06,489.7
"nr_sole",1980,8798,1.87581363416382e-06,879.8
"ak_plaice",1980,6902,1.87581363416382e-06,690.2
"sablefish",1980,2206,1.87581363416382e-06,220.6
"pac_ocean_perch",1980,959,1.87581363416382e-06,95.9
"oth_rockfish",1980,567,1.87581363416382e-06,56.7
"north_rockfish",1980,89,1.87581363416382e-06,8.9
"shortraker_rock",1980,649,1.87581363416382e-06,64.9
"rougheye_rock",1980,160,1.87581363416382e-06,16
"atka",1980,4955,1.87581363416382e-06,495.5
"squids",1980,4040,1.87581363416382e-06,404
"bairdi",1980,15117,1.87581363416382e-06,1511.7
"king_crabs",1980,64956.1,1.87581363416382e-06,6495.61
"pollock_adu",1981,973505,1.87581363416382e-06,97350.5
"pcod_adu",1981,51996,1.87581363416382e-06,5199.6
"herring",1981,12989.97829,1.87581363416382e-06,1298.997829
"arrowtooth_adu",1981,13473,1.87581363416382e-06,1347.3
"gr_turbot_adu",1981,52921,1.87581363416382e-06,5292.1
"yf_sole",1981,97301,1.87581363416382e-06,9730.1
"fh_sole",1981,5213,1.87581363416382e-06,521.3
"nr_sole",1981,9021,1.87581363416382e-06,902.1
"ak_plaice",1981,8653,1.87581363416382e-06,865.3
"sablefish",1981,2604,1.87581363416382e-06,260.4
"pac_ocean_perch",1981,1186,1.87581363416382e-06,118.6
"oth_rockfish",1981,337,1.87581363416382e-06,33.7
"north_rockfish",1981,35,1.87581363416382e-06,3.5
"shortraker_rock",1981,441,1.87581363416382e-06,44.1
"rougheye_rock",1981,283,1.87581363416382e-06,28.3
"atka",1981,3027,1.87581363416382e-06,302.7
"squids",1981,4182,1.87581363416382e-06,418.2
"bairdi",1981,6169,1.87581363416382e-06,616.9
"king_crabs",1981,21674.31708,1.87581363416382e-06,2167.431708
"pollock_adu",1982,955964,1.87581363416382e-06,95596.4
"pcod_adu",1982,55040,1.87581363416382e-06,5504
"herring",1982,21433.14667,1.87581363416382e-06,2143.314667
"arrowtooth_adu",1982,9103,1.87581363416382e-06,910.3
"gr_turbot_adu",1982,45805,1.87581363416382e-06,4580.5
"yf_sole",1982,95712,1.87581363416382e-06,9571.2
"fh_sole",1982,4498,1.87581363416382e-06,449.8
"nr_sole",1982,11843,1.87581363416382e-06,1184.3
"ak_plaice",1982,6811,1.87581363416382e-06,681.1
"sablefish",1982,3184,1.87581363416382e-06,318.4
"pac_ocean_perch",1982,205,1.87581363416382e-06,20.5
"oth_rockfish",1982,365,1.87581363416382e-06,36.5
"north_rockfish",1982,71,1.87581363416382e-06,7.1
"shortraker_rock",1982,242,1.87581363416382e-06,24.2
"rougheye_rock",1982,124,1.87581363416382e-06,12.4
"atka",1982,328,1.87581363416382e-06,32.8
"squids",1982,3838,1.87581363416382e-06,383.8
"bairdi",1982,2750,1.87581363416382e-06,275
"king_crabs",1982,7977.866663,1.87581363416382e-06,797.7866663
"opilio",1982,13610,1.87581363416382e-06,1361
"pollock_adu",1983,982363,1.87581363416382e-06,98236.3
"pcod_adu",1983,83212,1.87581363416382e-06,8321.2
"herring",1983,26236.68987,1.87581363416382e-06,2623.668987
"arrowtooth_adu",1983,10216,1.87581363416382e-06,1021.6
"gr_turbot_adu",1983,43443,1.87581363416382e-06,4344.3
"yf_sole",1983,108385,1.87581363416382e-06,10838.5
"fh_sole",1983,5232,1.87581363416382e-06,523.2
"nr_sole",1983,13619,1.87581363416382e-06,1361.9
"ak_plaice",1983,10766,1.87581363416382e-06,1076.6
"sablefish",1983,2695,1.87581363416382e-06,269.5
"pac_ocean_perch",1983,192,1.87581363416382e-06,19.2
"oth_rockfish",1983,210,1.87581363416382e-06,21
"north_rockfish",1983,42,1.87581363416382e-06,4.2
"shortraker_rock",1983,145,1.87581363416382e-06,14.5
"rougheye_rock",1983,53,1.87581363416382e-06,5.3
"atka",1983,141,1.87581363416382e-06,14.1
"squids",1983,3470,1.87581363416382e-06,347
"bairdi",1983,1086,1.87581363416382e-06,108.6
"king_crabs",1983,6092.299301,1.87581363416382e-06,609.2299301
"opilio",1983,13980,1.87581363416382e-06,1398
"pollock_adu",1984,1098783,1.87581363416382e-06,109878.3
"pcod_adu",1984,110944,1.87581363416382e-06,11094.4
"herring",1984,18961.97544,1.87581363416382e-06,1896.197544
"arrowtooth_adu",1984,7980,1.87581363416382e-06,798
"gr_turbot_adu",1984,21317,1.87581363416382e-06,2131.7
"yf_sole",1984,159526,1.87581363416382e-06,15952.6
"fh_sole",1984,4395,1.87581363416382e-06,439.5
"nr_sole",1984,37679,1.87581363416382e-06,3767.9
"ak_plaice",1984,18982,1.87581363416382e-06,1898.2
"sablefish",1984,2329,1.87581363416382e-06,232.9
"pac_ocean_perch",1984,314,1.87581363416382e-06,31.4
"oth_rockfish",1984,119,1.87581363416382e-06,11.9
"north_rockfish",1984,32,1.87581363416382e-06,3.2
"shortraker_rock",1984,54,1.87581363416382e-06,5.4
"rougheye_rock",1984,79,1.87581363416382e-06,7.9
"atka",1984,57,1.87581363416382e-06,5.7
"squids",1984,2824,1.87581363416382e-06,282.4
"bairdi",1984,1944,1.87581363416382e-06,194.4
"king_crabs",1984,4837.690207,1.87581363416382e-06,483.7690207
"opilio",1984,33440,1.87581363416382e-06,3344
"nf_seal_adu",1985,54.66,1.87581363416382e-06,5.466
"pollock_adu",1985,1179759,1.87581363416382e-06,117975.9
"pcod_adu",1985,132736,1.87581363416382e-06,13273.6
"herring",1985,26593.21347,1.87581363416382e-06,2659.321347
"arrowtooth_adu",1985,7288,1.87581363416382e-06,728.8
"gr_turbot_adu",1985,14698,1.87581363416382e-06,1469.8
"yf_sole",1985,227107,1.87581363416382e-06,22710.7
"fh_sole",1985,5626,1.87581363416382e-06,562.6
"nr_sole",1985,18750,1.87581363416382e-06,1875
"ak_plaice",1985,24888,1.87581363416382e-06,2488.8
"sablefish",1985,2348,1.87581363416382e-06,234.8
"pac_ocean_perch",1985,61,1.87581363416382e-06,6.1
"oth_rockfish",1985,36,1.87581363416382e-06,3.6
"north_rockfish",1985,6,1.87581363416382e-06,0.6
"shortraker_rock",1985,19,1.87581363416382e-06,1.9
"rougheye_rock",1985,18,1.87581363416382e-06,1.8
"atka",1985,4,1.87581363416382e-06,0.4
"squids",1985,1611,1.87581363416382e-06,161.1
"bairdi",1985,319,1.87581363416382e-06,31.9
"king_crabs",1985,3510.502867,1.87581363416382e-06,351.0502867
"opilio",1985,49240,1.87581363416382e-06,4924
"nf_seal_adu",1986,54.66,1.87581363416382e-06,5.466
"pollock_adu",1986,1188449,1.87581363416382e-06,118844.9
"pcod_adu",1986,130555,1.87581363416382e-06,13055.5
"herring",1986,18030.29671,1.87581363416382e-06,1803.029671
"arrowtooth_adu",1986,6761,1.87581363416382e-06,676.1
"gr_turbot_adu",1986,7710,1.87581363416382e-06,771
"halibut_adu",1986,3466,1.87581363416382e-06,346.6
"yf_sole",1986,208597,1.87581363416382e-06,20859.7
"fh_sole",1986,5146,1.87581363416382e-06,514.6
"nr_sole",1986,19611,1.87581363416382e-06,1961.1
"ak_plaice",1986,46519,1.87581363416382e-06,4651.9
"sablefish",1986,3518,1.87581363416382e-06,351.8
"pac_ocean_perch",1986,670,1.87581363416382e-06,67
"oth_rockfish",1986,99,1.87581363416382e-06,9.9
"north_rockfish",1986,61,1.87581363416382e-06,6.1
"shortraker_rock",1986,18,1.87581363416382e-06,1.8
"rougheye_rock",1986,52,1.87581363416382e-06,5.2
"atka",1986,12,1.87581363416382e-06,1.2
"squids",1986,848,1.87581363416382e-06,84.8
"bairdi",1986,518.9,1.87581363416382e-06,51.89
"king_crabs",1986,5940.826629,1.87581363416382e-06,594.0826629
"opilio",1986,50850,1.87581363416382e-06,5085
"nf_seal_adu",1987,54.66,1.87581363416382e-06,5.466
"pollock_adu",1987,1237597,1.87581363416382e-06,123759.7
"pcod_adu",1987,144539,1.87581363416382e-06,14453.9
"herring",1987,16342.93309,1.87581363416382e-06,1634.293309
"arrowtooth_adu",1987,4380,1.87581363416382e-06,438
"gr_turbot_adu",1987,6533,1.87581363416382e-06,653.3
"halibut_adu",1987,3877,1.87581363416382e-06,387.7
"yf_sole",1987,181429,1.87581363416382e-06,18142.9
"fh_sole",1987,3479,1.87581363416382e-06,347.9
"nr_sole",1987,40822,1.87581363416382e-06,4082.2
"ak_plaice",1987,18567,1.87581363416382e-06,1856.7
"sablefish",1987,4178,1.87581363416382e-06,417.8
"pac_ocean_perch",1987,1177,1.87581363416382e-06,117.7
"oth_rockfish",1987,542,1.87581363416382e-06,54.2
"north_rockfish",1987,77,1.87581363416382e-06,7.7
"shortraker_rock",1987,28,1.87581363416382e-06,2.8
"rougheye_rock",1987,99,1.87581363416382e-06,9.9
"atka",1987,12,1.87581363416382e-06,1.2
"squids",1987,108,1.87581363416382e-06,10.8
"bairdi",1987,1509.6,1.87581363416382e-06,150.96
"king_crabs",1987,6550.235821,1.87581363416382e-06,655.0235821
"opilio",1987,67420,1.87581363416382e-06,6742
"nf_seal_adu",1988,54.66,1.87581363416382e-06,5.466
"pollock_adu",1988,1228000,1.87581363416382e-06,122800
"pcod_adu",1988,192726,1.87581363416382e-06,19272.6
"herring",1988,14869.66507,1.87581363416382e-06,1486.966507
"arrowtooth_adu",1988,5477,1.87581363416382e-06,547.7
"gr_turbot_adu",1988,6064,1.87581363416382e-06,606.4
"halibut_adu",1988,4041,1.87581363416382e-06,404.1
"yf_sole",1988,223156,1.87581363416382e-06,22315.6
"fh_sole",1988,6697,1.87581363416382e-06,669.7
"nr_sole",1988,86366,1.87581363416382e-06,8636.6
"ak_plaice",1988,61638,1.87581363416382e-06,6163.8
"sablefish",1988,3193,1.87581363416382e-06,319.3
"pac_ocean_perch",1988,1326,1.87581363416382e-06,132.6
"oth_rockfish",1988,254,1.87581363416382e-06,25.4
"north_rockfish",1988,40,1.87581363416382e-06,4
"shortraker_rock",1988,31,1.87581363416382e-06,3.1
"rougheye_rock",1988,111,1.87581363416382e-06,11.1
"atka",1988,428,1.87581363416382e-06,42.8
"squids",1988,414,1.87581363416382e-06,41.4
"bairdi",1988,3550,1.87581363416382e-06,355
"king_crabs",1988,4510.349729,1.87581363416382e-06,451.0349729
"opilio",1988,74140,1.87581363416382e-06,7414
"nf_seal_adu",1989,54.66,1.87581363416382e-06,5.466
"pollock_adu",1989,1230000,1.87581363416382e-06,123000
"pcod_adu",1989,164800,1.87581363416382e-06,16480
"herring",1989,13277.55585,1.87581363416382e-06,1327.755585
"arrowtooth_adu",1989,3024,1.87581363416382e-06,302.4
"gr_turbot_adu",1989,4061,1.87581363416382e-06,406.1
"halibut_adu",1989,3683,1.87581363416382e-06,368.3
"yf_sole",1989,153165,1.87581363416382e-06,15316.5
"fh_sole",1989,3594,1.87581363416382e-06,359.4
"nr_sole",1989,68912,1.87581363416382e-06,6891.2
"ak_plaice",1989,14134,1.87581363416382e-06,1413.4
"sablefish",1989,1252,1.87581363416382e-06,125.2
"pac_ocean_perch",1989,2533,1.87581363416382e-06,253.3
"oth_rockfish",1989,180,1.87581363416382e-06,18
"north_rockfish",1989,78,1.87581363416382e-06,7.8
"shortraker_rock",1989,58,1.87581363416382e-06,5.8
"rougheye_rock",1989,204,1.87581363416382e-06,20.4
"atka",1989,3126,1.87581363416382e-06,312.6
"squids",1989,300,1.87581363416382e-06,30
"bairdi",1989,11650,1.87581363416382e-06,1165
"king_crabs",1989,5360.20573,1.87581363416382e-06,536.020573
"opilio",1989,80800,1.87581363416382e-06,8080
"nf_seal_adu",1990,54.66,1.87581363416382e-06,5.466
"pollock_adu",1990,1353000,1.87581363416382e-06,135300
"pcod_adu",1990,162927,1.87581363416382e-06,16292.7
"herring",1990,12756.83181,1.87581363416382e-06,1275.683181
"arrowtooth_adu",1990,2773,1.87581363416382e-06,277.3
"gr_turbot_adu",1990,7267,1.87581363416382e-06,726.7
"halibut_adu",1990,4648,1.87581363416382e-06,464.8
"yf_sole",1990,80584,1.87581363416382e-06,8058.4
"fh_sole",1990,19264,1.87581363416382e-06,1926.4
"nr_sole",1990,35253,1.87581363416382e-06,3525.3
"ak_plaice",1990,10926,1.87581363416382e-06,1092.6
"sablefish",1990,2329,1.87581363416382e-06,232.9
"pac_ocean_perch",1990,6499,1.87581363416382e-06,649.9
"oth_rockfish",1990,395,1.87581363416382e-06,39.5
"north_rockfish",1990,247,1.87581363416382e-06,24.7
"shortraker_rock",1990,116,1.87581363416382e-06,11.6
"rougheye_rock",1990,369,1.87581363416382e-06,36.9
"atka",1990,480,1.87581363416382e-06,48
"squids",1990,460,1.87581363416382e-06,46
"bairdi",1990,22457,1.87581363416382e-06,2245.7
"king_crabs",1990,10954.50514,1.87581363416382e-06,1095.450514
"opilio",1990,166360,1.87581363416382e-06,16636
"nf_seal_adu",1991,54.66,1.87581363416382e-06,5.466
"pollock_adu",1991,1268360,1.87581363416382e-06,126836
"pcod_adu",1991,165444,1.87581363416382e-06,16544.4
"herring",1991,17025.13602,1.87581363416382e-06,1702.513602
"arrowtooth_adu",1991,12748,1.87581363416382e-06,1274.8
"gr_turbot_adu",1991,3704,1.87581363416382e-06,370.4
"halibut_adu",1991,5600,1.87581363416382e-06,560
"yf_sole",1991,94755,1.87581363416382e-06,9475.5
"fh_sole",1991,14176,1.87581363416382e-06,1417.6
"nr_sole",1991,46681,1.87581363416382e-06,4668.1
"ak_plaice",1991,15003,1.87581363416382e-06,1500.3
"sablefish",1991,1128,1.87581363416382e-06,112.8
"pac_ocean_perch",1991,5099,1.87581363416382e-06,509.9
"oth_rockfish",1991,239,1.87581363416382e-06,23.9
"north_rockfish",1991,626,1.87581363416382e-06,62.6
"shortraker_rock",1991,205,1.87581363416382e-06,20.5
"rougheye_rock",1991,106,1.87581363416382e-06,10.6
"atka",1991,2265,1.87581363416382e-06,226.5
"squids",1991,544,1.87581363416382e-06,54.4
"bairdi",1991,24021,1.87581363416382e-06,2402.1
"king_crabs",1991,11223.02641,1.87581363416382e-06,1122.302641
"opilio",1991,157580,1.87581363416382e-06,15758
"nf_seal_adu",1992,54.66,1.87581363416382e-06,5.466
"pollock_adu",1992,1384376,1.87581363416382e-06,138437.6
"pcod_adu",1992,163240,1.87581363416382e-06,16324
"herring",1992,30866.96078,1.87581363416382e-06,3086.696078
"arrowtooth_adu",1992,11080,1.87581363416382e-06,1108
"gr_turbot_adu",1992,1875,1.87581363416382e-06,187.5
"halibut_adu",1992,5242,1.87581363416382e-06,524.2
"yf_sole",1992,146942,1.87581363416382e-06,14694.2
"fh_sole",1992,14347,1.87581363416382e-06,1434.7
"nr_sole",1992,51720,1.87581363416382e-06,5172
"ak_plaice",1992,18074,1.87581363416382e-06,1807.4
"sablefish",1992,558,1.87581363416382e-06,55.8
"pac_ocean_perch",1992,3255,1.87581363416382e-06,325.5
"oth_rockfish",1992,201,1.87581363416382e-06,20.1
"north_rockfish",1992,309,1.87581363416382e-06,30.9
"shortraker_rock",1992,79,1.87581363416382e-06,7.9
"rougheye_rock",1992,77,1.87581363416382e-06,7.7
"atka",1992,2610,1.87581363416382e-06,261
"squids",1992,819,1.87581363416382e-06,81.9
"bairdi",1992,26675,1.87581363416382e-06,2667.5
"king_crabs",1992,5801.470606,1.87581363416382e-06,580.1470606
"opilio",1992,124160,1.87581363416382e-06,12416
"nf_seal_adu",1993,54.66,1.87581363416382e-06,5.466
"pollock_adu",1993,1301574,1.87581363416382e-06,130157.4
"pcod_adu",1993,133156,1.87581363416382e-06,13315.6
"herring",1993,21042.15004,1.87581363416382e-06,2104.215004
"arrowtooth_adu",1993,7950,1.87581363416382e-06,795
"gr_turbot_adu",1993,6330,1.87581363416382e-06,633
"halibut_adu",1993,4212,1.87581363416382e-06,421.2
"yf_sole",1993,105809,1.87581363416382e-06,10580.9
"fh_sole",1993,13463,1.87581363416382e-06,1346.3
"nr_sole",1993,63942,1.87581363416382e-06,6394.2
"ak_plaice",1993,13846,1.87581363416382e-06,1384.6
"sablefish",1993,669,1.87581363416382e-06,66.9
"pac_ocean_perch",1993,3764,1.87581363416382e-06,376.4
"oth_rockfish",1993,142,1.87581363416382e-06,14.2
"north_rockfish",1993,859,1.87581363416382e-06,85.9
"shortraker_rock",1993,221,1.87581363416382e-06,22.1
"rougheye_rock",1993,146,1.87581363416382e-06,14.6
"atka",1993,201,1.87581363416382e-06,20.1
"squids",1993,597,1.87581363416382e-06,59.7
"bairdi",1993,12829,1.87581363416382e-06,1282.9
"king_crabs",1993,10494.15869,1.87581363416382e-06,1049.415869
"opilio",1993,74910,1.87581363416382e-06,7491
"nf_seal_adu",1994,53.31,1.87581363416382e-06,5.331
"pollock_adu",1994,1362694,1.87581363416382e-06,136269.4
"pcod_adu",1994,174151,1.87581363416382e-06,17415.1
"herring",1994,32635.06384,1.87581363416382e-06,3263.506384
"arrowtooth_adu",1994,13043,1.87581363416382e-06,1304.3
"gr_turbot_adu",1994,7211,1.87581363416382e-06,721.1
"halibut_adu",1994,4564,1.87581363416382e-06,456.4
"yf_sole",1994,144544,1.87581363416382e-06,14454.4
"fh_sole",1994,16987,1.87581363416382e-06,1698.7
"nr_sole",1994,60276,1.87581363416382e-06,6027.6
"ak_plaice",1994,10882,1.87581363416382e-06,1088.2
"sablefish",1994,699,1.87581363416382e-06,69.9
"pac_ocean_perch",1994,1688,1.87581363416382e-06,168.8
"oth_rockfish",1994,123,1.87581363416382e-06,12.3
"north_rockfish",1994,61,1.87581363416382e-06,6.1
"shortraker_rock",1994,46,1.87581363416382e-06,4.6
"rougheye_rock",1994,22,1.87581363416382e-06,2.2
"atka",1994,190,1.87581363416382e-06,19
"squids",1994,502,1.87581363416382e-06,50.2
"bairdi",1994,7180,1.87581363416382e-06,718
"king_crabs",1994,2567.432439,1.87581363416382e-06,256.7432439
"opilio",1994,40890,1.87581363416382e-06,4089
"nf_seal_adu",1995,45.75,1.87581363416382e-06,4.575
"pollock_adu",1995,1264578,1.87581363416382e-06,126457.8
"pcod_adu",1995,228496,1.87581363416382e-06,22849.6
"herring",1995,29757.47384,1.87581363416382e-06,2975.747384
"arrowtooth_adu",1995,8282,1.87581363416382e-06,828.2
"gr_turbot_adu",1995,5855,1.87581363416382e-06,585.5
"halibut_adu",1995,3733,1.87581363416382e-06,373.3
"yf_sole",1995,124746,1.87581363416382e-06,12474.6
"fh_sole",1995,14699,1.87581363416382e-06,1469.9
"nr_sole",1995,54672,1.87581363416382e-06,5467.2
"ak_plaice",1995,19172,1.87581363416382e-06,1917.2
"sablefish",1995,929,1.87581363416382e-06,92.9
"pac_ocean_perch",1995,1208,1.87581363416382e-06,120.8
"oth_rockfish",1995,257,1.87581363416382e-06,25.7
"north_rockfish",1995,266,1.87581363416382e-06,26.6
"shortraker_rock",1995,49,1.87581363416382e-06,4.9
"rougheye_rock",1995,28,1.87581363416382e-06,2.8
"atka",1995,340,1.87581363416382e-06,34
"squids",1995,364,1.87581363416382e-06,36.4
"bairdi",1995,4796,1.87581363416382e-06,479.6
"king_crabs",1995,2790.153488,1.87581363416382e-06,279.0153488
"opilio",1995,36590,1.87581363416382e-06,3659
"nf_seal_adu",1996,54.69,1.87581363416382e-06,5.469
"pollock_adu",1996,1189296,1.87581363416382e-06,118929.6
"pcod_adu",1996,209201,1.87581363416382e-06,20920.1
"herring",1996,29230.39951,1.87581363416382e-06,2923.039951
"arrowtooth_adu",1996,13280,1.87581363416382e-06,1328
"gr_turbot_adu",1996,4699,1.87581363416382e-06,469.9
"halibut_adu",1996,4400,1.87581363416382e-06,440
"yf_sole",1996,129509,1.87581363416382e-06,12950.9
"fh_sole",1996,17334,1.87581363416382e-06,1733.4
"nr_sole",1996,46775,1.87581363416382e-06,4677.5
"ak_plaice",1996,16096,1.87581363416382e-06,1609.6
"sablefish",1996,629,1.87581363416382e-06,62.9
"pac_ocean_perch",1996,2855,1.87581363416382e-06,285.5
"oth_rockfish",1996,164,1.87581363416382e-06,16.4
"north_rockfish",1996,87,1.87581363416382e-06,8.7
"shortraker_rock",1996,87,1.87581363416382e-06,8.7
"rougheye_rock",1996,34,1.87581363416382e-06,3.4
"atka",1996,780,1.87581363416382e-06,78
"squids",1996,1080,1.87581363416382e-06,108
"bairdi",1996,2814,1.87581363416382e-06,281.4
"king_crabs",1996,6067.784282,1.87581363416382e-06,606.7784282
"opilio",1996,62390,1.87581363416382e-06,6239
"nf_seal_adu",1997,41.4,1.87581363416382e-06,4.14
"sharks",1997,368,1.87581363416382e-06,36.8
"pollock_adu",1997,1115268,1.87581363416382e-06,111526.8
"pcod_adu",1997,209475,1.87581363416382e-06,20947.5
"herring",1997,26240.3186,1.87581363416382e-06,2624.03186
"arrowtooth_adu",1997,8580,1.87581363416382e-06,858
"gr_turbot_adu",1997,6589,1.87581363416382e-06,658.9
"halibut_adu",1997,4709,1.87581363416382e-06,470.9
"yf_sole",1997,166681,1.87581363416382e-06,16668.1
"fh_sole",1997,20656,1.87581363416382e-06,2065.6
"nr_sole",1997,67249,1.87581363416382e-06,6724.9
"ak_plaice",1997,21236,1.87581363416382e-06,2123.6
"skates",1997,16890,1.87581363416382e-06,1689
"sablefish",1997,547,1.87581363416382e-06,54.7
"pac_ocean_perch",1997,681,1.87581363416382e-06,68.1
"oth_rockfish",1997,114,1.87581363416382e-06,11.4
"north_rockfish",1997,164,1.87581363416382e-06,16.4
"shortraker_rock",1997,36,1.87581363416382e-06,3.6
"rougheye_rock",1997,15,1.87581363416382e-06,1.5
"atka",1997,171,1.87581363416382e-06,17.1
"octopus",1997,248,1.87581363416382e-06,24.8
"squids",1997,1438,1.87581363416382e-06,143.8
"bairdi",1997,1625,1.87581363416382e-06,162.5
"king_crabs",1997,6961.277278,1.87581363416382e-06,696.1277278
"opilio",1997,120960,1.87581363416382e-06,12096
"nf_seal_adu",1998,46.74,1.87581363416382e-06,4.674
"sharks",1998,496,1.87581363416382e-06,49.6
"pollock_adu",1998,1101428,1.87581363416382e-06,110142.8
"pcod_adu",1998,160681,1.87581363416382e-06,16068.1
"herring",1998,26116.94148,1.87581363416382e-06,2611.694148
"arrowtooth_adu",1998,14985,1.87581363416382e-06,1498.5
"gr_turbot_adu",1998,8303,1.87581363416382e-06,830.3
"halibut_adu",1998,4576,1.87581363416382e-06,457.6
"yf_sole",1998,101310,1.87581363416382e-06,10131
"fh_sole",1998,24550,1.87581363416382e-06,2455
"nr_sole",1998,33221,1.87581363416382e-06,3322.1
"ak_plaice",1998,14296,1.87581363416382e-06,1429.6
"skates",1998,18189,1.87581363416382e-06,1818.9
"sablefish",1998,586,1.87581363416382e-06,58.6
"pac_ocean_perch",1998,956,1.87581363416382e-06,95.6
"oth_rockfish",1998,155,1.87581363416382e-06,15.5
"north_rockfish",1998,45,1.87581363416382e-06,4.5
"shortraker_rock",1998,52,1.87581363416382e-06,5.2
"rougheye_rock",1998,16,1.87581363416382e-06,1.6
"atka",1998,901,1.87581363416382e-06,90.1
"lg_sculpins",1998,5204,1.87581363416382e-06,520.4
"octopus",1998,190,1.87581363416382e-06,19
"squids",1998,891,1.87581363416382e-06,89.1
"bairdi",1998,980,1.87581363416382e-06,98
"king_crabs",1998,9414.837289,1.87581363416382e-06,941.4837289
"opilio",1998,93310,1.87581363416382e-06,9331
"nf_seal_adu",1999,35.79,1.87581363416382e-06,3.579
"sharks",1999,530,1.87581363416382e-06,53
"pollock_adu",1999,988703,1.87581363416382e-06,98870.3
"pcod_adu",1999,146738,1.87581363416382e-06,14673.8
"herring",1999,23570.47391,1.87581363416382e-06,2357.047391
"arrowtooth_adu",1999,10585,1.87581363416382e-06,1058.5
"gr_turbot_adu",1999,5401,1.87581363416382e-06,540.1
"halibut_adu",1999,5315,1.87581363416382e-06,531.5
"yf_sole",1999,69275,1.87581363416382e-06,6927.5
"fh_sole",1999,18534,1.87581363416382e-06,1853.4
"nr_sole",1999,40505,1.87581363416382e-06,4050.5
"ak_plaice",1999,13997,1.87581363416382e-06,1399.7
"skates",1999,13277,1.87581363416382e-06,1327.7
"sablefish",1999,678,1.87581363416382e-06,67.8
"pac_ocean_perch",1999,421,1.87581363416382e-06,42.1
"oth_rockfish",1999,145,1.87581363416382e-06,14.5
"north_rockfish",1999,157,1.87581363416382e-06,15.7
"shortraker_rock",1999,66,1.87581363416382e-06,6.6
"rougheye_rock",1999,9,1.87581363416382e-06,0.9
"atka",1999,2267,1.87581363416382e-06,226.7
"lg_sculpins",1999,4503,1.87581363416382e-06,450.3
"octopus",1999,326,1.87581363416382e-06,32.6
"squids",1999,392,1.87581363416382e-06,39.2
"bairdi",1999,535,1.87581363416382e-06,53.5
"king_crabs",1999,5676.585837,1.87581363416382e-06,567.6585837
"opilio",1999,16090,1.87581363416382e-06,1609
"nf_seal_adu",2000,26.04,1.87581363416382e-06,2.604
"sharks",2000,590,1.87581363416382e-06,59
"pollock_adu",2000,1132736,1.87581363416382e-06,113273.6
"pcod_adu",2000,151372,1.87581363416382e-06,15137.2
"herring",2000,21643.61353,1.87581363416382e-06,2164.361353
"arrowtooth_adu",2000,12071,1.87581363416382e-06,1207.1
"gr_turbot_adu",2000,5888,1.87581363416382e-06,588.8
"halibut_adu",2000,5261,1.87581363416382e-06,526.1
"yf_sole",2000,84057,1.87581363416382e-06,8405.7
"fh_sole",2000,20342,1.87581363416382e-06,2034.2
"nr_sole",2000,49186,1.87581363416382e-06,4918.6
"ak_plaice",2000,14487,1.87581363416382e-06,1448.7
"skates",2000,17068,1.87581363416382e-06,1706.8
"sablefish",2000,742,1.87581363416382e-06,74.2
"pac_ocean_perch",2000,451,1.87581363416382e-06,45.1
"oth_rockfish",2000,239,1.87581363416382e-06,23.9
"north_rockfish",2000,97,1.87581363416382e-06,9.7
"shortraker_rock",2000,130,1.87581363416382e-06,13
"rougheye_rock",2000,26,1.87581363416382e-06,2.6
"atka",2000,239,1.87581363416382e-06,23.9
"lg_sculpins",2000,5673,1.87581363416382e-06,567.3
"octopus",2000,418,1.87581363416382e-06,41.8
"squids",2000,375,1.87581363416382e-06,37.5
"bairdi",2000,691.9,1.87581363416382e-06,69.19
"king_crabs",2000,4050.564661,1.87581363416382e-06,405.0564661
"opilio",2000,12490,1.87581363416382e-06,1249
"nf_seal_adu",2001,23.43,1.87581363416382e-06,2.343
"sharks",2001,763,1.87581363416382e-06,76.3
"pollock_adu",2001,1387452,1.87581363416382e-06,138745.2
"pcod_adu",2001,142452,1.87581363416382e-06,14245.2
"herring",2001,23194.89943,1.87581363416382e-06,2319.489943
"arrowtooth_adu",2001,12836,1.87581363416382e-06,1283.6
"gr_turbot_adu",2001,4252,1.87581363416382e-06,425.2
"halibut_adu",2001,5521,1.87581363416382e-06,552.1
"yf_sole",2001,63563,1.87581363416382e-06,6356.3
"fh_sole",2001,17757,1.87581363416382e-06,1775.7
"nr_sole",2001,28949,1.87581363416382e-06,2894.9
"ak_plaice",2001,8685,1.87581363416382e-06,868.5
"skates",2001,18061,1.87581363416382e-06,1806.1
"sablefish",2001,863,1.87581363416382e-06,86.3
"pac_ocean_perch",2001,896,1.87581363416382e-06,89.6
"oth_rockfish",2001,295,1.87581363416382e-06,29.5
"north_rockfish",2001,180,1.87581363416382e-06,18
"shortraker_rock",2001,57,1.87581363416382e-06,5.7
"rougheye_rock",2001,15,1.87581363416382e-06,1.5
"atka",2001,264,1.87581363416382e-06,26.4
"lg_sculpins",2001,6067,1.87581363416382e-06,606.7
"octopus",2001,227,1.87581363416382e-06,22.7
"squids",2001,1761,1.87581363416382e-06,176.1
"bairdi",2001,1083.9,1.87581363416382e-06,108.39
"king_crabs",2001,4283.580241,1.87581363416382e-06,428.3580241
"opilio",2001,17000,1.87581363416382e-06,1700
"nf_seal_adu",2002,25.53,1.87581363416382e-06,2.553
"sharks",2002,1363,1.87581363416382e-06,136.3
"pollock_adu",2002,1481815,1.87581363416382e-06,148181.5
"pcod_adu",2002,166552,1.87581363416382e-06,16655.2
"herring",2002,19215.07998,1.87581363416382e-06,1921.507998
"arrowtooth_adu",2002,10821,1.87581363416382e-06,1082.1
"gr_turbot_adu",2002,3150,1.87581363416382e-06,315
"halibut_adu",2002,5048,1.87581363416382e-06,504.8
"yf_sole",2002,74956,1.87581363416382e-06,7495.6
"fh_sole",2002,15464,1.87581363416382e-06,1546.4
"nr_sole",2002,40700,1.87581363416382e-06,4070
"ak_plaice",2002,12176,1.87581363416382e-06,1217.6
"oth_flatfish",2002,2588,1.87581363416382e-06,258.8
"skates",2002,20583,1.87581363416382e-06,2058.3
"sablefish",2002,1143,1.87581363416382e-06,114.3
"pac_ocean_perch",2002,639,1.87581363416382e-06,63.9
"oth_rockfish",2002,370,1.87581363416382e-06,37
"north_rockfish",2002,114,1.87581363416382e-06,11.4
"shortraker_rock",2002,93,1.87581363416382e-06,9.3
"rougheye_rock",2002,12,1.87581363416382e-06,1.2
"atka",2002,572,1.87581363416382e-06,57.2
"lg_sculpins",2002,6043,1.87581363416382e-06,604.3
"octopus",2002,374,1.87581363416382e-06,37.4
"squids",2002,1334,1.87581363416382e-06,133.4
"bairdi",2002,608,1.87581363416382e-06,60.8
"king_crabs",2002,4648.494,1.87581363416382e-06,464.8494
"opilio",2002,14480,1.87581363416382e-06,1448
"nf_seal_adu",2003,19.62,1.87581363416382e-06,1.962
"sharks",2003,589,1.87581363416382e-06,58.9
"pollock_adu",2003,1492039,1.87581363416382e-06,149203.9
"pcod_adu",2003,174687,1.87581363416382e-06,17468.7
"herring",2003,21796.92775,1.87581363416382e-06,2179.692775
"arrowtooth_adu",2003,13667,1.87581363416382e-06,1366.7
"gr_turbot_adu",2003,2565,1.87581363416382e-06,256.5
"halibut_adu",2003,4764,1.87581363416382e-06,476.4
"yf_sole",2003,81050,1.87581363416382e-06,8105
"fh_sole",2003,14132,1.87581363416382e-06,1413.2
"nr_sole",2003,36375,1.87581363416382e-06,3637.5
"ak_plaice",2003,9978,1.87581363416382e-06,997.8
"oth_flatfish",2003,2837,1.87581363416382e-06,283.7
"skates",2003,20474,1.87581363416382e-06,2047.4
"sablefish",2003,1039,1.87581363416382e-06,103.9
"eelpouts",2003,203,1.87581363416382e-06,20.3
"deep_demersals",2003,2869,1.87581363416382e-06,286.9
"pac_ocean_perch",2003,1145,1.87581363416382e-06,114.5
"oth_rockfish",2003,316,1.87581363416382e-06,31.6
"north_rockfish",2003,67,1.87581363416382e-06,6.7
"shortraker_rock",2003,107,1.87581363416382e-06,10.7
"rougheye_rock",2003,17,1.87581363416382e-06,1.7
"atka",2003,6362,1.87581363416382e-06,636.2
"shallow_demersals",2003,3858,1.87581363416382e-06,385.8
"lg_sculpins",2003,5184,1.87581363416382e-06,518.4
"octopus",2003,269,1.87581363416382e-06,26.9
"squids",2003,1246,1.87581363416382e-06,124.6
"oth_forage",2003,19,1.87581363416382e-06,1.9
"bairdi",2003,370.5,1.87581363416382e-06,37.05
"king_crabs",2003,7718.362,1.87581363416382e-06,771.8362
"opilio",2003,11890,1.87581363416382e-06,1189
"pandalid",2003,1,1.87581363416382e-06,0.1
"ben_zooplankton",2003,1,1.87581363416382e-06,0.1
"snails_sea_stars",2003,4031.46808,1.87581363416382e-06,403.146808
"herb_echinoderms",2003,81.64237,1.87581363416382e-06,8.164237
"misc_crabs",2003,170.31396,1.87581363416382e-06,17.031396
"structural_epifauna",2003,2248,1.87581363416382e-06,224.8
"infauna",2003,14,1.87581363416382e-06,1.4
"jellyfish",2003,6706,1.87581363416382e-06,670.6
"nf_seal_adu",2004,18.48,1.87581363416382e-06,1.848
"sharks",2004,515,1.87581363416382e-06,51.5
"pollock_adu",2004,1480552,1.87581363416382e-06,148055.2
"pcod_adu",2004,183745,1.87581363416382e-06,18374.5
"herring",2004,19000.98438,1.87581363416382e-06,1900.098438
"arrowtooth_adu",2004,17367,1.87581363416382e-06,1736.7
"gr_turbot_adu",2004,1825,1.87581363416382e-06,182.5
"halibut_adu",2004,4297,1.87581363416382e-06,429.7
"yf_sole",2004,75502,1.87581363416382e-06,7550.2
"fh_sole",2004,17361,1.87581363416382e-06,1736.1
"nr_sole",2004,47862,1.87581363416382e-06,4786.2
"ak_plaice",2004,7888,1.87581363416382e-06,788.8
"oth_flatfish",2004,4754,1.87581363416382e-06,475.4
"skates",2004,21445,1.87581363416382e-06,2144.5
"sablefish",2004,1041,1.87581363416382e-06,104.1
"eelpouts",2004,96,1.87581363416382e-06,9.6
"deep_demersals",2004,2223,1.87581363416382e-06,222.3
"pac_ocean_perch",2004,731,1.87581363416382e-06,73.1
"oth_rockfish",2004,302,1.87581363416382e-06,30.2
"north_rockfish",2004,116,1.87581363416382e-06,11.6
"shortraker_rock",2004,119,1.87581363416382e-06,11.9
"rougheye_rock",2004,23,1.87581363416382e-06,2.3
"atka",2004,7159,1.87581363416382e-06,715.9
"shallow_demersals",2004,543,1.87581363416382e-06,54.3
"lg_sculpins",2004,5242,1.87581363416382e-06,524.2
"octopus",2004,338,1.87581363416382e-06,33.8
"squids",2004,999,1.87581363416382e-06,99.9
"capelin",2004,5,1.87581363416382e-06,0.5
"oth_forage",2004,27,1.87581363416382e-06,2.7
"bairdi",2004,581.5,1.87581363416382e-06,58.15
"king_crabs",2004,7439.916,1.87581363416382e-06,743.9916
"opilio",2004,12430,1.87581363416382e-06,1243
"pandalid",2004,2,1.87581363416382e-06,0.2
"ben_zooplankton",2004,1,1.87581363416382e-06,0.1
"snails_sea_stars",2004,3223.9883,1.87581363416382e-06,322.39883
"herb_echinoderms",2004,60.99062,1.87581363416382e-06,6.099062
"misc_crabs",2004,107.27043,1.87581363416382e-06,10.727043
"structural_epifauna",2004,2205,1.87581363416382e-06,220.5
"infauna",2004,20,1.87581363416382e-06,2
"jellyfish",2004,7927,1.87581363416382e-06,792.7
"nf_seal_adu",2005,18.15,1.87581363416382e-06,1.815
"sharks",2005,417,1.87581363416382e-06,41.7
"pollock_adu",2005,1483022,1.87581363416382e-06,148302.2
"pcod_adu",2005,182936,1.87581363416382e-06,18293.6
"herring",2005,22250.52012,1.87581363416382e-06,2225.052012
"arrowtooth_adu",2005,13409,1.87581363416382e-06,1340.9
"gr_turbot_adu",2005,2140,1.87581363416382e-06,214
"halibut_adu",2005,5042,1.87581363416382e-06,504.2
"yf_sole",2005,94383,1.87581363416382e-06,9438.3
"fh_sole",2005,16074,1.87581363416382e-06,1607.4
"nr_sole",2005,36814,1.87581363416382e-06,3681.4
"ak_plaice",2005,11194,1.87581363416382e-06,1119.4
"oth_flatfish",2005,4566,1.87581363416382e-06,456.6
"skates",2005,22388,1.87581363416382e-06,2238.8
"sablefish",2005,1070,1.87581363416382e-06,107
"eelpouts",2005,88,1.87581363416382e-06,8.8
"deep_demersals",2005,2633,1.87581363416382e-06,263.3
"pac_ocean_perch",2005,879,1.87581363416382e-06,87.9
"oth_rockfish",2005,165,1.87581363416382e-06,16.5
"north_rockfish",2005,112,1.87581363416382e-06,11.2
"shortraker_rock",2005,108,1.87581363416382e-06,10.8
"rougheye_rock",2005,12,1.87581363416382e-06,1.2
"atka",2005,3540,1.87581363416382e-06,354
"shallow_demersals",2005,612,1.87581363416382e-06,61.2
"lg_sculpins",2005,5114,1.87581363416382e-06,511.4
"octopus",2005,338,1.87581363416382e-06,33.8
"squids",2005,1169,1.87581363416382e-06,116.9
"mycto_bathy",2005,1,1.87581363416382e-06,0.1
"oth_forage",2005,14,1.87581363416382e-06,1.4
"bairdi",2005,1346.2,1.87581363416382e-06,134.62
"king_crabs",2005,8987.34,1.87581363416382e-06,898.734
"opilio",2005,18330,1.87581363416382e-06,1833
"pandalid",2005,1,1.87581363416382e-06,0.1
"ben_zooplankton",2005,1,1.87581363416382e-06,0.1
"snails_sea_stars",2005,2869.07035,1.87581363416382e-06,286.907035
"herb_echinoderms",2005,57.30717,1.87581363416382e-06,5.730717
"misc_crabs",2005,126.17202,1.87581363416382e-06,12.617202
"structural_epifauna",2005,1268,1.87581363416382e-06,126.8
"infauna",2005,10,1.87581363416382e-06,1
"jellyfish",2005,6111,1.87581363416382e-06,611.1
"nf_seal_adu",2006,18.24,1.87581363416382e-06,1.824
"sharks",2006,689,1.87581363416382e-06,68.9
"pollock_adu",2006,1488031,1.87581363416382e-06,148803.1
"pcod_adu",2006,168814,1.87581363416382e-06,16881.4
"herring",2006,22494.55281,1.87581363416382e-06,2249.455281
"arrowtooth_adu",2006,11966,1.87581363416382e-06,1196.6
"gr_turbot_adu",2006,1453,1.87581363416382e-06,145.3
"halibut_adu",2006,4769,1.87581363416382e-06,476.9
"yf_sole",2006,99156,1.87581363416382e-06,9915.6
"fh_sole",2006,17942,1.87581363416382e-06,1794.2
"nr_sole",2006,35878,1.87581363416382e-06,3587.8
"ak_plaice",2006,17318,1.87581363416382e-06,1731.8
"oth_flatfish",2006,3123,1.87581363416382e-06,312.3
"skates",2006,19283,1.87581363416382e-06,1928.3
"sablefish",2006,1079,1.87581363416382e-06,107.9
"eelpouts",2006,58,1.87581363416382e-06,5.8
"deep_demersals",2006,2068,1.87581363416382e-06,206.8
"pac_ocean_perch",2006,1041,1.87581363416382e-06,104.1
"oth_rockfish",2006,149,1.87581363416382e-06,14.9
"north_rockfish",2006,246,1.87581363416382e-06,24.6
"shortraker_rock",2006,47,1.87581363416382e-06,4.7
"rougheye_rock",2006,7,1.87581363416382e-06,0.7
"atka",2006,3176,1.87581363416382e-06,317.6
"shallow_demersals",2006,676,1.87581363416382e-06,67.6
"lg_sculpins",2006,4907,1.87581363416382e-06,490.7
"octopus",2006,351,1.87581363416382e-06,35.1
"squids",2006,1404,1.87581363416382e-06,140.4
"mycto_bathy",2006,10,1.87581363416382e-06,1
"capelin",2006,3,1.87581363416382e-06,0.3
"oth_forage",2006,101,1.87581363416382e-06,10.1
"bairdi",2006,2178,1.87581363416382e-06,217.8
"king_crabs",2006,7378.824,1.87581363416382e-06,737.8824
"opilio",2006,18690,1.87581363416382e-06,1869
"pandalid",2006,2,1.87581363416382e-06,0.2
"ben_zooplankton",2006,4,1.87581363416382e-06,0.4
"snails_sea_stars",2006,2836.3826,1.87581363416382e-06,283.63826
"herb_echinoderms",2006,40.14613,1.87581363416382e-06,4.014613
"misc_crabs",2006,74.71404,1.87581363416382e-06,7.471404
"structural_epifauna",2006,866,1.87581363416382e-06,86.6
"infauna",2006,6,1.87581363416382e-06,0.6
"jellyfish",2006,2907,1.87581363416382e-06,290.7
"nf_seal_adu",2007,14.46,1.87581363416382e-06,1.446
"sharks",2007,332,1.87581363416382e-06,33.2
"pollock_adu",2007,1354502,1.87581363416382e-06,135450.2
"pcod_adu",2007,140129,1.87581363416382e-06,14012.9
"herring",2007,16769.51212,1.87581363416382e-06,1676.951212
"arrowtooth_adu",2007,11082,1.87581363416382e-06,1108.2
"gr_turbot_adu",2007,1481,1.87581363416382e-06,148.1
"halibut_adu",2007,5221,1.87581363416382e-06,522.1
"yf_sole",2007,120962,1.87581363416382e-06,12096.2
"fh_sole",2007,18929,1.87581363416382e-06,1892.9
"nr_sole",2007,36364,1.87581363416382e-06,3636.4
"ak_plaice",2007,19522,1.87581363416382e-06,1952.2
"oth_flatfish",2007,5699,1.87581363416382e-06,569.9
"skates",2007,17612,1.87581363416382e-06,1761.2
"sablefish",2007,1182,1.87581363416382e-06,118.2
"eelpouts",2007,169,1.87581363416382e-06,16.9
"deep_demersals",2007,1632,1.87581363416382e-06,163.2
"pac_ocean_perch",2007,870,1.87581363416382e-06,87
"oth_rockfish",2007,217,1.87581363416382e-06,21.7
"north_rockfish",2007,70,1.87581363416382e-06,7
"shortraker_rock",2007,114,1.87581363416382e-06,11.4
"rougheye_rock",2007,11,1.87581363416382e-06,1.1
"atka",2007,3005,1.87581363416382e-06,300.5
"shallow_demersals",2007,833,1.87581363416382e-06,83.3
"lg_sculpins",2007,6505,1.87581363416382e-06,650.5
"octopus",2007,181,1.87581363416382e-06,18.1
"squids",2007,1175,1.87581363416382e-06,117.5
"mycto_bathy",2007,6,1.87581363416382e-06,0.6
"capelin",2007,1,1.87581363416382e-06,0.1
"oth_forage",2007,182,1.87581363416382e-06,18.2
"bairdi",2007,2415,1.87581363416382e-06,241.5
"king_crabs",2007,9728.159,1.87581363416382e-06,972.8159
"opilio",2007,31310,1.87581363416382e-06,3131
"pandalid",2007,2,1.87581363416382e-06,0.2
"ben_zooplankton",2007,3,1.87581363416382e-06,0.3
"snails_sea_stars",2007,2715.03075,1.87581363416382e-06,271.503075
"herb_echinoderms",2007,60.07711,1.87581363416382e-06,6.007711
"misc_crabs",2007,123.40135,1.87581363416382e-06,12.340135
"structural_epifauna",2007,286,1.87581363416382e-06,28.6
"infauna",2007,4,1.87581363416382e-06,0.4
"jellyfish",2007,2632,1.87581363416382e-06,263.2
"nf_seal_adu",2008,15.03,1.87581363416382e-06,1.503
"sharks",2008,194,1.87581363416382e-06,19.4
"pollock_adu",2008,990587,1.87581363416382e-06,99058.7
"pcod_adu",2008,139802,1.87581363416382e-06,13980.2
"herring",2008,20226.98818,1.87581363416382e-06,2022.698818
"arrowtooth_adu",2008,18897,1.87581363416382e-06,1889.7
"gr_turbot_adu",2008,2089,1.87581363416382e-06,208.9
"halibut_adu",2008,5056,1.87581363416382e-06,505.6
"yf_sole",2008,148893,1.87581363416382e-06,14889.3
"fh_sole",2008,24521,1.87581363416382e-06,2452.1
"nr_sole",2008,50934,1.87581363416382e-06,5093.4
"ak_plaice",2008,17376,1.87581363416382e-06,1737.6
"oth_flatfish",2008,3578,1.87581363416382e-06,357.8
"skates",2008,20276,1.87581363416382e-06,2027.6
"sablefish",2008,1141,1.87581363416382e-06,114.1
"eelpouts",2008,79,1.87581363416382e-06,7.9
"deep_demersals",2008,2820,1.87581363416382e-06,282
"pac_ocean_perch",2008,513,1.87581363416382e-06,51.3
"oth_rockfish",2008,214,1.87581363416382e-06,21.4
"north_rockfish",2008,22,1.87581363416382e-06,2.2
"shortraker_rock",2008,41,1.87581363416382e-06,4.1
"rougheye_rock",2008,22,1.87581363416382e-06,2.2
"atka",2008,392,1.87581363416382e-06,39.2
"shallow_demersals",2008,401,1.87581363416382e-06,40.1
"lg_sculpins",2008,6682,1.87581363416382e-06,668.2
"octopus",2008,212,1.87581363416382e-06,21.2
"squids",2008,1493,1.87581363416382e-06,149.3
"mycto_bathy",2008,2,1.87581363416382e-06,0.2
"oth_forage",2008,15,1.87581363416382e-06,1.5
"bairdi",2008,1757,1.87581363416382e-06,175.7
"king_crabs",2008,9536.344,1.87581363416382e-06,953.6344
"opilio",2008,28810,1.87581363416382e-06,2881
"pandalid",2008,2,1.87581363416382e-06,0.2
"ben_zooplankton",2008,2,1.87581363416382e-06,0.2
"snails_sea_stars",2008,2696.52121,1.87581363416382e-06,269.652121
"herb_echinoderms",2008,40.82279,1.87581363416382e-06,4.082279
"misc_crabs",2008,74.18191,1.87581363416382e-06,7.418191
"structural_epifauna",2008,558,1.87581363416382e-06,55.8
"infauna",2008,13,1.87581363416382e-06,1.3
"jellyfish",2008,4557,1.87581363416382e-06,455.7
"nf_seal_adu",2009,13.65,1.87581363416382e-06,1.365
"sharks",2009,151,1.87581363416382e-06,15.1
"pollock_adu",2009,810857,1.87581363416382e-06,81085.7
"pcod_adu",2009,147174,1.87581363416382e-06,14717.4
"herring",2009,20114.50314,1.87581363416382e-06,2011.450314
"arrowtooth_adu",2009,19212,1.87581363416382e-06,1921.2
"gr_turbot_adu",2009,2252,1.87581363416382e-06,225.2
"halibut_adu",2009,4415,1.87581363416382e-06,441.5
"yf_sole",2009,107512,1.87581363416382e-06,10751.2
"fh_sole",2009,19535,1.87581363416382e-06,1953.5
"nr_sole",2009,48145,1.87581363416382e-06,4814.5
"ak_plaice",2009,13944,1.87581363416382e-06,1394.4
"oth_flatfish",2009,2132,1.87581363416382e-06,213.2
"skates",2009,19390,1.87581363416382e-06,1939
"sablefish",2009,916,1.87581363416382e-06,91.6
"eelpouts",2009,46,1.87581363416382e-06,4.6
"deep_demersals",2009,2902,1.87581363416382e-06,290.2
"pac_ocean_perch",2009,623,1.87581363416382e-06,62.3
"oth_rockfish",2009,193,1.87581363416382e-06,19.3
"north_rockfish",2009,48,1.87581363416382e-06,4.8
"shortraker_rock",2009,69,1.87581363416382e-06,6.9
"rougheye_rock",2009,13,1.87581363416382e-06,1.3
"atka",2009,244,1.87581363416382e-06,24.4
"shallow_demersals",2009,357,1.87581363416382e-06,35.7
"lg_sculpins",2009,5915,1.87581363416382e-06,591.5
"octopus",2009,72,1.87581363416382e-06,7.2
"squids",2009,269,1.87581363416382e-06,26.9
"oth_forage",2009,5,1.87581363416382e-06,0.5
"bairdi",2009,1381,1.87581363416382e-06,138.1
"king_crabs",2009,7686.037126,1.87581363416382e-06,768.6037126
"opilio",2009,23490,1.87581363416382e-06,2349
"pandalid",2009,1,1.87581363416382e-06,0.1
"ben_zooplankton",2009,2,1.87581363416382e-06,0.2
"snails_sea_stars",2009,1053.27172,1.87581363416382e-06,105.327172
"herb_echinoderms",2009,20.71597,1.87581363416382e-06,2.071597
"misc_crabs",2009,37.3858,1.87581363416382e-06,3.73858
"structural_epifauna",2009,570,1.87581363416382e-06,57
"infauna",2009,11,1.87581363416382e-06,1.1
"jellyfish",2009,8651,1.87581363416382e-06,865.1
"nf_seal_adu",2010,13.05,1.87581363416382e-06,1.305
"sharks",2010,60,1.87581363416382e-06,6
"pollock_adu",2010,810390,1.87581363416382e-06,81039
"pcod_adu",2010,142868,1.87581363416382e-06,14286.8
"herring",2010,26023.38503,1.87581363416382e-06,2602.338503
"arrowtooth_adu",2010,14782,1.87581363416382e-06,1478.2
"gr_turbot_adu",2010,2273,1.87581363416382e-06,227.3
"halibut_adu",2010,4517,1.87581363416382e-06,451.7
"yf_sole",2010,118624,1.87581363416382e-06,11862.4
"fh_sole",2010,20097,1.87581363416382e-06,2009.7
"nr_sole",2010,52644,1.87581363416382e-06,5264.4
"ak_plaice",2010,16165,1.87581363416382e-06,1616.5
"oth_flatfish",2010,2159,1.87581363416382e-06,215.9
"skates",2010,16368,1.87581363416382e-06,1636.8
"sablefish",2010,755,1.87581363416382e-06,75.5
"eelpouts",2010,33,1.87581363416382e-06,3.3
"deep_demersals",2010,2797,1.87581363416382e-06,279.7
"pac_ocean_perch",2010,3547,1.87581363416382e-06,354.7
"oth_rockfish",2010,269,1.87581363416382e-06,26.9
"north_rockfish",2010,299,1.87581363416382e-06,29.9
"shortraker_rock",2010,161,1.87581363416382e-06,16.1
"rougheye_rock",2010,30,1.87581363416382e-06,3
"atka",2010,151,1.87581363416382e-06,15.1
"shallow_demersals",2010,96,1.87581363416382e-06,9.6
"lg_sculpins",2010,4227,1.87581363416382e-06,422.7
"octopus",2010,177,1.87581363416382e-06,17.7
"squids",2010,306,1.87581363416382e-06,30.6
"capelin",2010,1,1.87581363416382e-06,0.1
"oth_forage",2010,4,1.87581363416382e-06,0.4
"bairdi",2010,609,1.87581363416382e-06,60.9
"king_crabs",2010,7559.968591,1.87581363416382e-06,755.9968591
"opilio",2010,25380,1.87581363416382e-06,2538
"pandalid",2010,2,1.87581363416382e-06,0.2
"ben_zooplankton",2010,2,1.87581363416382e-06,0.2
"snails_sea_stars",2010,1289.89808,1.87581363416382e-06,128.989808
"herb_echinoderms",2010,14.37356,1.87581363416382e-06,1.437356
"misc_crabs",2010,48.72102,1.87581363416382e-06,4.872102
"structural_epifauna",2010,587,1.87581363416382e-06,58.7
"infauna",2010,6,1.87581363416382e-06,0.6
"jellyfish",2010,3216,1.87581363416382e-06,321.6
"nf_seal_adu",2011,13.29,1.87581363416382e-06,1.329
"sharks",2011,107,1.87581363416382e-06,10.7
"pollock_adu",2011,1199216,1.87581363416382e-06,119921.6
"pcod_adu",2011,209222,1.87581363416382e-06,20922.2
"herring",2011,22778.66191,1.87581363416382e-06,2277.866191
"arrowtooth_adu",2011,16864,1.87581363416382e-06,1686.4
"kamchatka",2011,4478,1.87581363416382e-06,447.8
"gr_turbot_adu",2011,3136,1.87581363416382e-06,313.6
"halibut_adu",2011,3894,1.87581363416382e-06,389.4
"yf_sole",2011,151166,1.87581363416382e-06,15116.6
"fh_sole",2011,13546,1.87581363416382e-06,1354.6
"nr_sole",2011,60353,1.87581363416382e-06,6035.3
"ak_plaice",2011,23656,1.87581363416382e-06,2365.6
"oth_flatfish",2011,3119,1.87581363416382e-06,311.9
"skates",2011,22549,1.87581363416382e-06,2254.9
"sablefish",2011,705,1.87581363416382e-06,70.5
"eelpouts",2011,72.18803136,1.87581363416382e-06,7.218803136
"deep_demersals",2011,4986.767705,1.87581363416382e-06,498.6767705
"pac_ocean_perch",2011,5602,1.87581363416382e-06,560.2
"oth_rockfish",2011,328,1.87581363416382e-06,32.8
"north_rockfish",2011,197,1.87581363416382e-06,19.7
"shortraker_rock",2011,106,1.87581363416382e-06,10.6
"rougheye_rock",2011,36,1.87581363416382e-06,3.6
"atka",2011,1217,1.87581363416382e-06,121.7
"shallow_demersals",2011,0.864888169,1.87581363416382e-06,0.0864888169
"lg_sculpins",2011,4872,1.87581363416382e-06,487.2
"octopus",2011,576,1.87581363416382e-06,57.6
"squids",2011,237,1.87581363416382e-06,23.7
"mycto_bathy",2011,0.060095638,1.87581363416382e-06,0.0060095638
"capelin",2011,4.132598337,1.87581363416382e-06,0.4132598337
"sandlance",2011,0.511830949,1.87581363416382e-06,0.0511830949
"oth_forage",2011,5.20101956,1.87581363416382e-06,0.520101956
"bairdi",2011,825.3,1.87581363416382e-06,82.53
"king_crabs",2011,4561.595305,1.87581363416382e-06,456.1595305
"opilio",2011,42310,1.87581363416382e-06,4231
"pandalid",2011,2.9141272,1.87581363416382e-06,0.29141272
"ben_zooplankton",2011,1,1.87581363416382e-06,0.1
"snails_sea_stars",2011,2127.522986,1.87581363416382e-06,212.7522986
"herb_echinoderms",2011,26.16215167,1.87581363416382e-06,2.616215167
"misc_crabs",2011,46.50901507,1.87581363416382e-06,4.650901507
"structural_epifauna",2011,590.0996052,1.87581363416382e-06,59.00996052
"infauna",2011,13.23897184,1.87581363416382e-06,1.323897184
"jellyfish",2011,8967.698055,1.87581363416382e-06,896.7698055
"nf_seal_adu",2012,13.41,1.87581363416382e-06,1.341
"sharks",2012,96,1.87581363416382e-06,9.6
"pollock_adu",2012,1205276,1.87581363416382e-06,120527.6
"pcod_adu",2012,232674,1.87581363416382e-06,23267.4
"herring",2012,19456.57428,1.87581363416382e-06,1945.657428
"arrowtooth_adu",2012,18978,1.87581363416382e-06,1897.8
"kamchatka",2012,2510,1.87581363416382e-06,251
"gr_turbot_adu",2012,3058,1.87581363416382e-06,305.8
"halibut_adu",2012,3984,1.87581363416382e-06,398.4
"yf_sole",2012,147186,1.87581363416382e-06,14718.6
"fh_sole",2012,11355,1.87581363416382e-06,1135.5
"nr_sole",2012,75777,1.87581363416382e-06,7577.7
"ak_plaice",2012,16612,1.87581363416382e-06,1661.2
"oth_flatfish",2012,3501,1.87581363416382e-06,350.1
"skates",2012,23743,1.87581363416382e-06,2374.3
"sablefish",2012,743,1.87581363416382e-06,74.3
"eelpouts",2012,57.991362,1.87581363416382e-06,5.7991362
"deep_demersals",2012,3498.354361,1.87581363416382e-06,349.8354361
"pac_ocean_perch",2012,5591,1.87581363416382e-06,559.1
"oth_rockfish",2012,209,1.87581363416382e-06,20.9
"north_rockfish",2012,91,1.87581363416382e-06,9.1
"shortraker_rock",2012,117,1.87581363416382e-06,11.7
"rougheye_rock",2012,17,1.87581363416382e-06,1.7
"atka",2012,966,1.87581363416382e-06,96.6
"shallow_demersals",2012,31.77090726,1.87581363416382e-06,3.177090726
"lg_sculpins",2012,4991,1.87581363416382e-06,499.1
"octopus",2012,126,1.87581363416382e-06,12.6
"squids",2012,559,1.87581363416382e-06,55.9
"mycto_bathy",2012,0.021799279,1.87581363416382e-06,0.0021799279
"capelin",2012,2.386880969,1.87581363416382e-06,0.2386880969
"sandlance",2012,0.210723156,1.87581363416382e-06,0.0210723156
"oth_forage",2012,6.611946491,1.87581363416382e-06,0.6611946491
"bairdi",2012,620.7,1.87581363416382e-06,62.07
"king_crabs",2012,4438.164764,1.87581363416382e-06,443.8164764
"opilio",2012,32620,1.87581363416382e-06,3262
"pandalid",2012,1.583651039,1.87581363416382e-06,0.1583651039
"ben_zooplankton",2012,1,1.87581363416382e-06,0.1
"snails_sea_stars",2012,2378.278461,1.87581363416382e-06,237.8278461
"herb_echinoderms",2012,19.53671849,1.87581363416382e-06,1.953671849
"misc_crabs",2012,46.34512904,1.87581363416382e-06,4.634512904
"structural_epifauna",2012,593.6526065,1.87581363416382e-06,59.36526065
"infauna",2012,12.40100554,1.87581363416382e-06,1.240100554
"jellyfish",2012,4050.806213,1.87581363416382e-06,405.0806213
"nf_seal_adu",2013,11.43,1.87581363416382e-06,1.143
"sharks",2013,114,1.87581363416382e-06,11.4
"pollock_adu",2013,1270823,1.87581363416382e-06,127082.3
"pcod_adu",2013,236700,1.87581363416382e-06,23670
"herring",2013,28429.6312,1.87581363416382e-06,2842.96312
"arrowtooth_adu",2013,14056,1.87581363416382e-06,1405.6
"kamchatka",2013,2110,1.87581363416382e-06,211
"gr_turbot_adu",2013,1449,1.87581363416382e-06,144.9
"halibut_adu",2013,4073,1.87581363416382e-06,407.3
"yf_sole",2013,164944,1.87581363416382e-06,16494.4
"fh_sole",2013,17344,1.87581363416382e-06,1734.4
"nr_sole",2013,59590,1.87581363416382e-06,5959
"ak_plaice",2013,23523,1.87581363416382e-06,2352.3
"oth_flatfish",2013,1500,1.87581363416382e-06,150
"skates",2013,25970,1.87581363416382e-06,2597
"sablefish",2013,634,1.87581363416382e-06,63.4
"eelpouts",2013,143.3230472,1.87581363416382e-06,14.33230472
"deep_demersals",2013,1691.482055,1.87581363416382e-06,169.1482055
"pac_ocean_perch",2013,5051,1.87581363416382e-06,505.1
"oth_rockfish",2013,192,1.87581363416382e-06,19.2
"north_rockfish",2013,137,1.87581363416382e-06,13.7
"shortraker_rock",2013,105,1.87581363416382e-06,10.5
"rougheye_rock",2013,26,1.87581363416382e-06,2.6
"atka",2013,147,1.87581363416382e-06,14.7
"shallow_demersals",2013,1.960707908,1.87581363416382e-06,0.1960707908
"lg_sculpins",2013,5221,1.87581363416382e-06,522.1
"octopus",2013,185,1.87581363416382e-06,18.5
"squids",2013,157,1.87581363416382e-06,15.7
"mycto_bathy",2013,0.013983592,1.87581363416382e-06,0.0013983592
"capelin",2013,0.233528626,1.87581363416382e-06,0.0233528626
"sandlance",2013,0.044429619,1.87581363416382e-06,0.0044429619
"oth_forage",2013,2.087439393,1.87581363416382e-06,0.2087439393
"bairdi",2013,2234.7,1.87581363416382e-06,223.47
"king_crabs",2013,4245.894,1.87581363416382e-06,424.5894
"opilio",2013,27940,1.87581363416382e-06,2794
"pandalid",2013,3.133062075,1.87581363416382e-06,0.3133062075
"ben_zooplankton",2013,1,1.87581363416382e-06,0.1
"snails_sea_stars",2013,1924.494664,1.87581363416382e-06,192.4494664
"herb_echinoderms",2013,9.507107869,1.87581363416382e-06,0.9507107869
"misc_crabs",2013,68.55491589,1.87581363416382e-06,6.855491589
"structural_epifauna",2013,842.0344914,1.87581363416382e-06,84.20344914
"infauna",2013,16.42283487,1.87581363416382e-06,1.642283487
"jellyfish",2013,6230.699912,1.87581363416382e-06,623.0699912
"nf_seal_adu",2014,12.72,1.87581363416382e-06,1.272
"sharks",2014,138,1.87581363416382e-06,13.8
"pollock_adu",2014,1297846,1.87581363416382e-06,129784.6
"pcod_adu",2014,238735,1.87581363416382e-06,23873.5
"herring",2014,24866.46085,1.87581363416382e-06,2486.646085
"arrowtooth_adu",2014,14928,1.87581363416382e-06,1492.8
"kamchatka",2014,3268,1.87581363416382e-06,326.8
"gr_turbot_adu",2014,1479,1.87581363416382e-06,147.9
"halibut_adu",2014,3653,1.87581363416382e-06,365.3
"yf_sole",2014,156772,1.87581363416382e-06,15677.2
"fh_sole",2014,16505,1.87581363416382e-06,1650.5
"nr_sole",2014,51569,1.87581363416382e-06,5156.9
"ak_plaice",2014,19447,1.87581363416382e-06,1944.7
"oth_flatfish",2014,4344,1.87581363416382e-06,434.4
"skates",2014,26364,1.87581363416382e-06,2636.4
"sablefish",2014,315,1.87581363416382e-06,31.5
"eelpouts",2014,183.2862172,1.87581363416382e-06,18.32862172
"deep_demersals",2014,1001.744938,1.87581363416382e-06,100.1744938
"pac_ocean_perch",2014,7437,1.87581363416382e-06,743.7
"oth_rockfish",2014,324,1.87581363416382e-06,32.4
"north_rockfish",2014,147,1.87581363416382e-06,14.7
"shortraker_rock",2014,96,1.87581363416382e-06,9.6
"rougheye_rock",2014,24,1.87581363416382e-06,2.4
"atka",2014,136,1.87581363416382e-06,13.6
"shallow_demersals",2014,42.87119021,1.87581363416382e-06,4.287119021
"lg_sculpins",2014,4490,1.87581363416382e-06,449
"octopus",2014,410,1.87581363416382e-06,41
"squids",2014,1568,1.87581363416382e-06,156.8
"mycto_bathy",2014,0.01000606,1.87581363416382e-06,0.001000606
"capelin",2014,1.301802669,1.87581363416382e-06,0.1301802669
"sandlance",2014,0.200947422,1.87581363416382e-06,0.0200947422
"oth_forage",2014,12.3157065,1.87581363416382e-06,1.23157065
"bairdi",2014,8967,1.87581363416382e-06,896.7
"king_crabs",2014,4961.600441,1.87581363416382e-06,496.1600441
"opilio",2014,34640,1.87581363416382e-06,3464
"pandalid",2014,2.21440649,1.87581363416382e-06,0.221440649
"ben_zooplankton",2014,1,1.87581363416382e-06,0.1
"snails_sea_stars",2014,3185.021145,1.87581363416382e-06,318.5021145
"herb_echinoderms",2014,31.03376293,1.87581363416382e-06,3.103376293
"misc_crabs",2014,47.51681481,1.87581363416382e-06,4.751681481
"structural_epifauna",2014,803.4726435,1.87581363416382e-06,80.34726435
"infauna",2014,9.160805617,1.87581363416382e-06,0.9160805617
"jellyfish",2014,14279.80504,1.87581363416382e-06,1427.980504
"nf_seal_adu",2015,12.96,1.87581363416382e-06,1.296
"sharks",2015,107,1.87581363416382e-06,10.7
"pollock_adu",2015,1322312,1.87581363416382e-06,132231.2
"pcod_adu",2015,232832,1.87581363416382e-06,23283.2
"herring",2015,22729.593,1.87581363416382e-06,2272.9593
"arrowtooth_adu",2015,10330,1.87581363416382e-06,1033
"kamchatka",2015,3386,1.87581363416382e-06,338.6
"gr_turbot_adu",2015,2090,1.87581363416382e-06,209
"halibut_adu",2015,2781,1.87581363416382e-06,278.1
"yf_sole",2015,126937,1.87581363416382e-06,12693.7
"fh_sole",2015,11293,1.87581363416382e-06,1129.3
"nr_sole",2015,45347,1.87581363416382e-06,4534.7
"ak_plaice",2015,14614,1.87581363416382e-06,1461.4
"oth_flatfish",2015,2385,1.87581363416382e-06,238.5
"skates",2015,26921,1.87581363416382e-06,2692.1
"sablefish",2015,210,1.87581363416382e-06,21
"eelpouts",2015,157.7451786,1.87581363416382e-06,15.77451786
"deep_demersals",2015,1476.824379,1.87581363416382e-06,147.6824379
"pac_ocean_perch",2015,7915,1.87581363416382e-06,791.5
"oth_rockfish",2015,185,1.87581363416382e-06,18.5
"north_rockfish",2015,199,1.87581363416382e-06,19.9
"shortraker_rock",2015,76,1.87581363416382e-06,7.6
"rougheye_rock",2015,31,1.87581363416382e-06,3.1
"atka",2015,267,1.87581363416382e-06,26.7
"shallow_demersals",2015,4.215203881,1.87581363416382e-06,0.4215203881
"lg_sculpins",2015,4055,1.87581363416382e-06,405.5
"octopus",2015,423,1.87581363416382e-06,42.3
"squids",2015,2281,1.87581363416382e-06,228.1
"mycto_bathy",2015,0.1473932,1.87581363416382e-06,0.01473932
"capelin",2015,6.83663105,1.87581363416382e-06,0.683663105
"sandlance",2015,0.738817002,1.87581363416382e-06,0.0738817002
"oth_forage",2015,19.77641926,1.87581363416382e-06,1.977641926
"bairdi",2015,11481.5,1.87581363416382e-06,1148.15
"king_crabs",2015,5114.375735,1.87581363416382e-06,511.4375735
"opilio",2015,21580,1.87581363416382e-06,2158
"pandalid",2015,1.56551443,1.87581363416382e-06,0.156551443
"ben_zooplankton",2015,1,1.87581363416382e-06,0.1
"snails_sea_stars",2015,3505.727799,1.87581363416382e-06,350.5727799
"herb_echinoderms",2015,35.56315799,1.87581363416382e-06,3.556315799
"misc_crabs",2015,41.53339774,1.87581363416382e-06,4.153339774
"structural_epifauna",2015,843.477385,1.87581363416382e-06,84.3477385
"infauna",2015,11.51397998,1.87581363416382e-06,1.151397998
"jellyfish",2015,5857.714431,1.87581363416382e-06,585.7714431
"nf_seal_adu",2016,11.76,1.87581363416382e-06,1.176
"sharks",2016,132,1.87581363416382e-06,13.2
"pollock_adu",2016,1353711,1.87581363416382e-06,135371.1
"pcod_adu",2016,231511,1.87581363416382e-06,23151.1
"herring",2016,15179.29617,1.87581363416382e-06,1517.929617
"arrowtooth_adu",2016,9777,1.87581363416382e-06,977.7
"kamchatka",2016,3165,1.87581363416382e-06,316.5
"gr_turbot_adu",2016,2117,1.87581363416382e-06,211.7
"halibut_adu",2016,2847,1.87581363416382e-06,284.7
"yf_sole",2016,135350,1.87581363416382e-06,13535
"fh_sole",2016,10358,1.87581363416382e-06,1035.8
"nr_sole",2016,44860,1.87581363416382e-06,4486
"ak_plaice",2016,13385,1.87581363416382e-06,1338.5
"oth_flatfish",2016,2801,1.87581363416382e-06,280.1
"skates",2016,27995,1.87581363416382e-06,2799.5
"sablefish",2016,532,1.87581363416382e-06,53.2
"eelpouts",2016,166.1425274,1.87581363416382e-06,16.61425274
"deep_demersals",2016,1916.156436,1.87581363416382e-06,191.6156436
"pac_ocean_perch",2016,8172,1.87581363416382e-06,817.2
"oth_rockfish",2016,282,1.87581363416382e-06,28.2
"north_rockfish",2016,208,1.87581363416382e-06,20.8
"shortraker_rock",2016,55,1.87581363416382e-06,5.5
"rougheye_rock",2016,41,1.87581363416382e-06,4.1
"atka",2016,360,1.87581363416382e-06,36
"shallow_demersals",2016,1.873484148,1.87581363416382e-06,0.1873484148
"lg_sculpins",2016,4381,1.87581363416382e-06,438.1
"octopus",2016,585,1.87581363416382e-06,58.5
"squids",2016,1328,1.87581363416382e-06,132.8
"mycto_bathy",2016,0.119221554,1.87581363416382e-06,0.0119221554
"capelin",2016,0.435100587,1.87581363416382e-06,0.0435100587
"sandlance",2016,0.380960754,1.87581363416382e-06,0.0380960754
"oth_forage",2016,11.02983859,1.87581363416382e-06,1.102983859
"bairdi",2016,1058.6,1.87581363416382e-06,105.86
"king_crabs",2016,4147.286,1.87581363416382e-06,414.7286
"opilio",2016,11060,1.87581363416382e-06,1106
"pandalid",2016,1.213733671,1.87581363416382e-06,0.1213733671
"ben_zooplankton",2016,1,1.87581363416382e-06,0.1
"snails_sea_stars",2016,3418.918048,1.87581363416382e-06,341.8918048
"herb_echinoderms",2016,20.82091876,1.87581363416382e-06,2.082091876
"misc_crabs",2016,32.39743244,1.87581363416382e-06,3.239743244
"structural_epifauna",2016,586.0993331,1.87581363416382e-06,58.60993331
"infauna",2016,9.007925731,1.87581363416382e-06,0.9007925731
"jellyfish",2016,2431.449688,1.87581363416382e-06,243.1449688
"nf_seal_adu",2017,9.18,1.87581363416382e-06,0.918
"sharks",2017,142,1.87581363416382e-06,14.2
"pollock_adu",2017,1356445,1.87581363416382e-06,135644.5
"pcod_adu",2017,196761,1.87581363416382e-06,19676.1
"herring",2017,18627.51885,1.87581363416382e-06,1862.751885
"arrowtooth_adu",2017,5680,1.87581363416382e-06,568
"kamchatka",2017,3166,1.87581363416382e-06,316.6
"gr_turbot_adu",2017,2691,1.87581363416382e-06,269.1
"halibut_adu",2017,2641,1.87581363416382e-06,264.1
"yf_sole",2017,125620,1.87581363416382e-06,12562
"fh_sole",2017,8859,1.87581363416382e-06,885.9
"nr_sole",2017,34877,1.87581363416382e-06,3487.7
"ak_plaice",2017,15549,1.87581363416382e-06,1554.9
"oth_flatfish",2017,4089,1.87581363416382e-06,408.9
"skates",2017,30472,1.87581363416382e-06,3047.2
"sablefish",2017,1150,1.87581363416382e-06,115
"eelpouts",2017,120.0935374,1.87581363416382e-06,12.00935374
"deep_demersals",2017,1914.734738,1.87581363416382e-06,191.4734738
"pac_ocean_perch",2017,8987,1.87581363416382e-06,898.7
"oth_rockfish",2017,261,1.87581363416382e-06,26.1
"north_rockfish",2017,218,1.87581363416382e-06,21.8
"shortraker_rock",2017,95,1.87581363416382e-06,9.5
"rougheye_rock",2017,36,1.87581363416382e-06,3.6
"atka",2017,255,1.87581363416382e-06,25.5
"shallow_demersals",2017,1.88302263,1.87581363416382e-06,0.188302263
"lg_sculpins",2017,4152,1.87581363416382e-06,415.2
"octopus",2017,187,1.87581363416382e-06,18.7
"squids",2017,2057,1.87581363416382e-06,205.7
"mycto_bathy",2017,0.037498847,1.87581363416382e-06,0.0037498847
"capelin",2017,0.16515,1.87581363416382e-06,0.016515
"sandlance",2017,0.472598634,1.87581363416382e-06,0.0472598634
"oth_forage",2017,5.82987229,1.87581363416382e-06,0.582987229
"bairdi",2017,1704,1.87581363416382e-06,170.4
"king_crabs",2017,3374.669,1.87581363416382e-06,337.4669
"opilio",2017,10590,1.87581363416382e-06,1059
"pandalid",2017,1.344710823,1.87581363416382e-06,0.1344710823
"ben_zooplankton",2017,1,1.87581363416382e-06,0.1
"snails_sea_stars",2017,2921.423995,1.87581363416382e-06,292.1423995
"herb_echinoderms",2017,17.21430841,1.87581363416382e-06,1.721430841
"misc_crabs",2017,34.95038986,1.87581363416382e-06,3.495038986
"structural_epifauna",2017,631.8513038,1.87581363416382e-06,63.18513038
"infauna",2017,9.398551871,1.87581363416382e-06,0.9398551871
"jellyfish",2017,6282.910018,1.87581363416382e-06,628.2910018
"nf_seal_adu",2018,9.39,1.87581363416382e-06,0.939
"sharks",2018,96,1.87581363416382e-06,9.6
"pollock_adu",2018,1379320,1.87581363416382e-06,137932
"pcod_adu",2018,186702,1.87581363416382e-06,18670.2
"herring",2018,16286.68764,1.87581363416382e-06,1628.668764
"arrowtooth_adu",2018,6182,1.87581363416382e-06,618.2
"kamchatka",2018,1373,1.87581363416382e-06,137.3
"gr_turbot_adu",2018,1672,1.87581363416382e-06,167.2
"halibut_adu",2018,2654.41,1.87581363416382e-06,265.441
"yf_sole",2018,131539,1.87581363416382e-06,13153.9
"fh_sole",2018,11045,1.87581363416382e-06,1104.5
"nr_sole",2018,28059,1.87581363416382e-06,2805.9
"ak_plaice",2018,23342,1.87581363416382e-06,2334.2
"oth_flatfish",2018,5945,1.87581363416382e-06,594.5
"skates",2018,29475,1.87581363416382e-06,2947.5
"sablefish",2018,1598,1.87581363416382e-06,159.8
"eelpouts",2018,93.54354765,1.87581363416382e-06,9.354354765
"deep_demersals",2018,1058.894689,1.87581363416382e-06,105.8894689
"pac_ocean_perch",2018,9635,1.87581363416382e-06,963.5
"oth_rockfish",2018,212,1.87581363416382e-06,21.2
"north_rockfish",2018,188,1.87581363416382e-06,18.8
"shortraker_rock",2018,170,1.87581363416382e-06,17
"rougheye_rock",2018,15,1.87581363416382e-06,1.5
"atka",2018,1146,1.87581363416382e-06,114.6
"shallow_demersals",2018,3.516370267,1.87581363416382e-06,0.3516370267
"lg_sculpins",2018,4397,1.87581363416382e-06,439.7
"octopus",2018,132,1.87581363416382e-06,13.2
"squids",2018,1701,1.87581363416382e-06,170.1
"mycto_bathy",2018,0.025865266,1.87581363416382e-06,0.0025865266
"capelin",2018,0.036060018,1.87581363416382e-06,0.0036060018
"sandlance",2018,0.491315289,1.87581363416382e-06,0.0491315289
"oth_forage",2018,2.179867419,1.87581363416382e-06,0.2179867419
"bairdi",2018,1669.6,1.87581363416382e-06,166.96
"king_crabs",2018,2419.468,1.87581363416382e-06,241.9468
"opilio",2018,15620,1.87581363416382e-06,1562
"pandalid",2018,1.55979389,1.87581363416382e-06,0.155979389
"snails_sea_stars",2018,2318.53624,1.87581363416382e-06,231.853624
"herb_echinoderms",2018,16.0839602,1.87581363416382e-06,1.60839602
"misc_crabs",2018,15.78288106,1.87581363416382e-06,1.578288106
"structural_epifauna",2018,664.7210616,1.87581363416382e-06,66.47210616
"infauna",2018,8.81904948,1.87581363416382e-06,0.881904948
"jellyfish",2018,8666.546544,1.87581363416382e-06,866.6546544
"nf_seal_adu",2019,10.65,1.87581363416382e-06,1.065
"sharks",2019,148,1.87581363416382e-06,14.8
"pollock_adu",2019,1409235,1.87581363416382e-06,140923.5
"pcod_adu",2019,164092,1.87581363416382e-06,16409.2
"herring",2019,22994.4116,1.87581363416382e-06,2299.44116
"arrowtooth_adu",2019,9410,1.87581363416382e-06,941
"kamchatka",2019,2940,1.87581363416382e-06,294
"gr_turbot_adu",2019,2678,1.87581363416382e-06,267.8
"halibut_adu",2019,3105.48,1.87581363416382e-06,310.548
"yf_sole",2019,128046,1.87581363416382e-06,12804.6
"fh_sole",2019,15831,1.87581363416382e-06,1583.1
"nr_sole",2019,25403,1.87581363416382e-06,2540.3
"ak_plaice",2019,16163,1.87581363416382e-06,1616.3
"oth_flatfish",2019,3716,1.87581363416382e-06,371.6
"skates",2019,18867,1.87581363416382e-06,1886.7
"sablefish",2019,3157,1.87581363416382e-06,315.7
"eelpouts",2019,99.01152531,1.87581363416382e-06,9.901152531
"deep_demersals",2019,1391.188659,1.87581363416382e-06,139.1188659
"pac_ocean_perch",2019,14022,1.87581363416382e-06,1402.2
"oth_rockfish",2019,697,1.87581363416382e-06,69.7
"north_rockfish",2019,478,1.87581363416382e-06,47.8
"shortraker_rock",2019,298,1.87581363416382e-06,29.8
"rougheye_rock",2019,55,1.87581363416382e-06,5.5
"atka",2019,1128,1.87581363416382e-06,112.8
"shallow_demersals",2019,6.451190851,1.87581363416382e-06,0.6451190851
"lg_sculpins",2019,4816,1.87581363416382e-06,481.6
"octopus",2019,175,1.87581363416382e-06,17.5
"squids",2019,4913.378604,1.87581363416382e-06,491.3378604
"mycto_bathy",2019,0.013444312,1.87581363416382e-06,0.0013444312
"capelin",2019,0.375717962,1.87581363416382e-06,0.0375717962
"sandlance",2019,1.498310955,1.87581363416382e-06,0.1498310955
"oth_forage",2019,22.35797968,1.87581363416382e-06,2.235797968
"bairdi",2019,429.6,1.87581363416382e-06,42.96
"king_crabs",2019,1954.829,1.87581363416382e-06,195.4829
"opilio",2019,20760,1.87581363416382e-06,2076
"pandalid",2019,2.442816176,1.87581363416382e-06,0.2442816176
"snails_sea_stars",2019,2852.875835,1.87581363416382e-06,285.2875835
"herb_echinoderms",2019,31.96923783,1.87581363416382e-06,3.196923783
"misc_crabs",2019,21.37311792,1.87581363416382e-06,2.137311792
"structural_epifauna",2019,416.5680735,1.87581363416382e-06,41.65680735
"infauna",2019,6.754279169,1.87581363416382e-06,0.6754279169
"jellyfish",2019,4814.041984,1.87581363416382e-06,481.4041984
"sharks",2020,168,1.87581363416382e-06,16.8
"pollock_adu",2020,1367232,1.87581363416382e-06,136723.2
"pcod_adu",2020,155584,1.87581363416382e-06,15558.4
"arrowtooth_adu",2020,8406,1.87581363416382e-06,840.6
"kamchatka",2020,2929,1.87581363416382e-06,292.9
"gr_turbot_adu",2020,1648,1.87581363416382e-06,164.8
"halibut_adu",2020,2441.98,1.87581363416382e-06,244.198
"yf_sole",2020,133788,1.87581363416382e-06,13378.8
"fh_sole",2020,9368,1.87581363416382e-06,936.8
"nr_sole",2020,25810,1.87581363416382e-06,2581
"ak_plaice",2020,20075,1.87581363416382e-06,2007.5
"oth_flatfish",2020,4098,1.87581363416382e-06,409.8
"skates",2020,17613,1.87581363416382e-06,1761.3
"sablefish",2020,5301,1.87581363416382e-06,530.1
"eelpouts",2020,37.2625561,1.87581363416382e-06,3.72625561
"deep_demersals",2020,1331.743121,1.87581363416382e-06,133.1743121
"pac_ocean_perch",2020,11944,1.87581363416382e-06,1194.4
"oth_rockfish",2020,352,1.87581363416382e-06,35.2
"north_rockfish",2020,307,1.87581363416382e-06,30.7
"shortraker_rock",2020,186,1.87581363416382e-06,18.6
"rougheye_rock",2020,53,1.87581363416382e-06,5.3
"atka",2020,1064,1.87581363416382e-06,106.4
"shallow_demersals",2020,4.209687183,1.87581363416382e-06,0.4209687183
"lg_sculpins",2020,4355,1.87581363416382e-06,435.5
"octopus",2020,457,1.87581363416382e-06,45.7
"squids",2020,5215.262842,1.87581363416382e-06,521.5262842
"mycto_bathy",2020,0.061272911,1.87581363416382e-06,0.0061272911
"capelin",2020,0.08513,1.87581363416382e-06,0.008513
"sandlance",2020,0.314989458,1.87581363416382e-06,0.0314989458
"oth_forage",2020,10.83082861,1.87581363416382e-06,1.083082861
"bairdi",2020,1086.9,1.87581363416382e-06,108.69
"king_crabs",2020,1450.382,1.87581363416382e-06,145.0382
"opilio",2020,26300,1.87581363416382e-06,2630
"pandalid",2020,3.862660296,1.87581363416382e-06,0.3862660296
"snails_sea_stars",2020,2516.570354,1.87581363416382e-06,251.6570354
"herb_echinoderms",2020,47.37748548,1.87581363416382e-06,4.737748548
"misc_crabs",2020,26.15484938,1.87581363416382e-06,2.615484938
"structural_epifauna",2020,314.6577184,1.87581363416382e-06,31.46577184
"infauna",2020,7.104247073,1.87581363416382e-06,0.7104247073
"jellyfish",2020,3503.101709,1.87581363416382e-06,350.3101709
"sharks",2021,343,1.87581363416382e-06,34.3
"pollock_adu",2021,1374009,1.87581363416382e-06,137400.9
"pcod_adu",2021,118084,1.87581363416382e-06,11808.4
"arrowtooth_adu",2021,6506,1.87581363416382e-06,650.6
"kamchatka",2021,2299,1.87581363416382e-06,229.9
"gr_turbot_adu",2021,1129,1.87581363416382e-06,112.9
"yf_sole",2021,105163,1.87581363416382e-06,10516.3
"fh_sole",2021,9903,1.87581363416382e-06,990.3
"nr_sole",2021,13807,1.87581363416382e-06,1380.7
"ak_plaice",2021,15660,1.87581363416382e-06,1566
"oth_flatfish",2021,2477,1.87581363416382e-06,247.7
"skates",2021,17659,1.87581363416382e-06,1765.9
"sablefish",2021,3982,1.87581363416382e-06,398.2
"eelpouts",2021,45.95616405,1.87581363416382e-06,4.595616405
"deep_demersals",2021,1415.873822,1.87581363416382e-06,141.5873822
"pac_ocean_perch",2021,8901,1.87581363416382e-06,890.1
"oth_rockfish",2021,333,1.87581363416382e-06,33.3
"north_rockfish",2021,232,1.87581363416382e-06,23.2
"shortraker_rock",2021,402,1.87581363416382e-06,40.2
"rougheye_rock",2021,124,1.87581363416382e-06,12.4
"atka",2021,974,1.87581363416382e-06,97.4
"shallow_demersals",2021,62.06777283,1.87581363416382e-06,6.206777283
"lg_sculpins",2021,4662.958941,1.87581363416382e-06,466.2958941
"octopus",2021,119,1.87581363416382e-06,11.9
"squids",2021,3271.642664,1.87581363416382e-06,327.1642664
"mycto_bathy",2021,0.013568582,1.87581363416382e-06,0.0013568582
"sandlance",2021,0.182446727,1.87581363416382e-06,0.0182446727
"oth_forage",2021,1.946899231,1.87581363416382e-06,0.1946899231
"bairdi",2021,741.1,1.87581363416382e-06,74.11
"king_crabs",2021,120.895,1.87581363416382e-06,12.0895
"opilio",2021,3600,1.87581363416382e-06,360
"pandalid",2021,4.216011109,1.87581363416382e-06,0.4216011109
"snails_sea_stars",2021,2436.033991,1.87581363416382e-06,243.6033991
"herb_echinoderms",2021,30.44320337,1.87581363416382e-06,3.044320337
"misc_crabs",2021,22.14973814,1.87581363416382e-06,2.214973814
"structural_epifauna",2021,380.8645949,1.87581363416382e-06,38.08645949
"infauna",2021,10.45264034,1.87581363416382e-06,1.045264034
"jellyfish",2021,8585.936578,1.87581363416382e-06,858.5936578
